<configuration>

    <springProperty name="service" scope="context" source="spring.application.name"/>

    <contextListener class="ch.qos.logback.classic.jul.LevelChangePropagator">
        <resetJUL>true</resetJUL>
    </contextListener>

    <include resource="org/springframework/boot/logging/logback/defaults.xml"/>

    <springProfile name="classicLogging">
        <include resource="org/springframework/boot/logging/logback/console-appender.xml"/>
    </springProfile>

    <springProfile name="!classicLogging">
            <appender name="CONSOLE" class="ch.qos.logback.core.ConsoleAppender">
                <encoder class="net.logstash.logback.encoder.LoggingEventCompositeJsonEncoder">
                    <providers>
                        <timestamp/>
                        <logLevel>
                            <fieldName>loglevel</fieldName>
                        </logLevel>
                        <threadName>
                            <fieldName>thread_id</fieldName>
                        </threadName>
                        <context/>
                        <logstashMarkers/>
                        <pattern>
                            <omitEmptyFields>true</omitEmptyFields>
                            <pattern>
                            {
                                "trace_id": "%X{X-B3-TraceId:-}",
                                "span_id": "%X{X-B3-SpanId:-}",
                                "parent_span_id": "%X{X-B3-ParentSpanId:-}",
                                "class": "%logger{70}",
                                "message": "%message"
                            }
                            </pattern>
                        </pattern>
                        <stackTrace>
                            <throwableConverter class="net.logstash.logback.stacktrace.ShortenedThrowableConverter">
                                <maxDepthPerThrowable>30</maxDepthPerThrowable>
                                <maxLength>2048</maxLength>
                                <shortenedClassNameLength>20</shortenedClassNameLength>
                                <exclude>^sun\.reflect\..*\.invoke</exclude>
                                <exclude>^net\.sf\.cglib\.proxy\.MethodProxy\.invoke</exclude>
                                <rootCauseFirst>true</rootCauseFirst>
                            </throwableConverter>
                        </stackTrace>
                    </providers>
                </encoder>
            </appender>
    </springProfile>

    <springProfile name="live">
        <logger name="ro.raiffeisen" level="INFO"/>
    </springProfile>

    <springProfile name="!live">
        <logger name="ro.raiffeisen" level="TRACE"/>
    </springProfile>

    <root level="WARN">
        <appender-ref ref="CONSOLE"/>
    </root>

</configuration>